,x_landmark,y_landmark,x_stalign_affine,y_staling_affine,x_stalign,y_stalign,diff_affine,diff_nonrigid
0,8691.99147035,3083.637372,3139.4762350194233,8658.240254076409,3137.258413230007,8700.202586320498,65.24663380779594,54.246091915188515
1,8118.47395995,2260.4933592750003,2313.7026995343754,8080.7982601622525,2314.1465836058255,8115.19750956788,65.19733311520046,53.75317300588261
2,7488.1489019,1431.4476867000003,1470.986009664344,7450.859312393677,1469.3547412644846,7479.094563216032,54.34880374380672,38.97339906601411
3,6894.820522275,916.6862746874995,947.1825599979455,6860.401702135584,940.8465762239915,6886.069119761396,45.98563468655857,25.696443650617095
4,7404.51462198515,2124.5505276391495,2171.2191224160006,7367.804104470294,2170.523337077421,7399.226272739238,59.37693015519156,46.275974818412465
5,6159.34651646875,395.05032340625075,417.09204624140244,6127.72690437085,404.54599088997986,6148.590173432759,38.54396729403094,14.348052706533805
6,5217.34554086178,804.4418523768109,812.3741545531421,5184.206074330443,805.6163551462512,5202.3853516987965,34.07558744612128,15.006222594233222
7,5791.9063985,1987.9400521500002,2009.0265346778315,5757.541600322115,2006.7239567125387,5788.058282957214,40.318470943269915,19.174020544611604
8,4275.74635291426,225.74830423025924,229.86478484919672,4251.889899139558,222.32607063569932,4260.574950751396,24.20900244517646,15.552592271486159
9,3484.43519954286,324.75622946622934,313.4683104300724,3453.5801567507738,311.5653942976686,3459.5383820807315,32.85499629992849,28.17533765878756
10,3387.79529452689,1199.90409905845,1192.0136324004563,3356.7814398785013,1192.7828357662,3363.505044739167,32.00185376243511,25.31261791335551
11,1725.48112708719,996.3948836688196,964.9200164705069,1697.202026650357,977.8616065962442,1695.0934284647597,42.31282059456579,35.593462694945956
12,2520.05788961039,2532.89011909091,2516.8130306703533,2492.5287168058626,2531.8690863580046,2495.160091139057,31.8799016213024,24.91872542006853
13,1609.47328849722,1982.9445489100199,1952.4191512255238,1582.5444824238396,1969.1293239377908,1580.3798651226941,40.705779692008946,32.20695149626412
14,1803.95136595548,3194.0501280913704,3157.4053925537983,1769.808516519408,3172.374460466612,1777.1730668210926,50.08563476919197,34.45158735834576
15,435.617314471243,3894.7804243970304,3847.439310334759,409.93416609109727,3861.165330816855,425.8170586621865,53.859123566704916,35.01456168977246
16,1615.75828093019,4432.92706027499,4400.5278064377135,1593.6642156891228,4412.807800218677,1614.3284180089834,39.21555008015098,20.17000578053999
17,2719.28927489375,4056.3409419,4038.2533219002266,2693.3258257826465,4056.4632469020557,2707.485911810656,31.64273513780174,11.803996720809346
18,457.878130318749,5084.51037525,5038.4360442186235,436.2379588499708,5059.52341051932,455.44794421270717,50.90325138129176,25.1048642888629
19,1069.376003375,5571.07029675,5537.779387195078,1044.0083919019405,5563.713273225408,1063.6761628682818,41.85451434244701,9.306663040178908
20,585.680678986711,6177.6208461960105,6130.065683648436,564.9627543951593,6164.98159751086,581.1898627481146,51.87220724345033,13.413352966872536
21,7268.56716154485,2912.0450421345504,2955.2516882790906,7229.1311362923625,2949.1492735530096,7262.571679639858,58.497985937759786,37.58549976290936
22,4585.88332290625,1612.672990125,1626.3910150167658,4558.083538174524,1623.988507156412,4573.293836163938,31.000197387459284,16.927377296055823
23,4074.65090915625,2522.6651719499996,2528.5027717146604,4042.519084652791,2530.3909035844213,4052.3503482127676,32.65779718433913,23.600888705323516
24,3390.78196428571,2939.71476535715,2932.9760833308524,3361.9871566632632,2945.3931911048735,3367.714138344158,29.57280476155847,23.756454126029322
25,5694.16035654375,2846.263451525,2860.893628160364,5662.937147663299,2857.303308141072,5688.437966253048,34.480876456004424,12.434797334196741
26,4421.2481930875,4121.541442575,4117.289217780648,4391.476730484407,4127.59642637682,4407.4557786767755,30.073599738459286,15.062985232598267
27,3523.17955815,4645.3962477,4641.740566203823,3495.1609090786283,4654.875876423732,3513.367911066393,28.256126822092455,13.643012102650426
28,8807.86281671875,4379.77599925,4438.477980140756,8765.496484570014,4430.921612977826,8813.766564035353,72.3935678098253,51.48522152981691
29,6196.07816710896,3429.3011346285703,3454.505876393554,6160.869410959772,3447.417460548167,6188.293453133706,43.30052559741628,19.718089068202605
30,7286.57051079733,4238.88912289868,4272.721697115732,7248.694471237842,4258.187748477405,7286.090922160254,50.78619350634809,19.30458376885175
31,8453.37460340531,5448.34339884552,5509.7853507673335,8413.980145469075,5505.011645378674,8466.819281812783,72.98655199454333,58.2413044378534
32,4474.12466154485,3064.3424112043303,3069.1902744080408,4446.035390580027,3073.115219086456,4459.446859742144,28.504542111339983,17.09970829857076
33,1125.98642105,7429.7640431,7391.8957354960485,1100.1622054830807,7436.601469297794,1126.5935953563767,45.835562944445314,6.864332279880314
34,4246.51494808969,8732.981060805645,8732.779094234336,4214.581428667595,8762.405538055245,4249.927929635986,31.93415809407278,29.621753905662164
35,5637.07867732558,4729.0560380814,4747.403096380717,5605.281280395234,4754.599637780428,5631.491908559132,36.710883941748754,26.147418052915103
36,7148.40447259136,4943.36013069768,4978.79823792184,7111.951464955898,4968.160531815636,7153.140540365645,50.83976012238997,25.248568941113454
37,2620.48942714431,5285.60550112325,5266.562029245875,2593.8289496791617,5285.933580386349,2619.6062546916583,32.76331606864676,0.9421409576056525
38,8237.22527841562,6403.49574545625,6462.160304674466,8197.579132168083,6466.917349317101,8250.859916928444,70.80499573157765,64.8706652012918
39,5614.08113782812,6158.85239361875,6182.64375492227,5580.602253518013,6188.688527315742,5611.694199001811,41.07145684443322,29.931460888926182
40,7308.58479680625,7330.4195530125,7369.630038143937,7267.522633656834,7383.615143146069,7313.74077725967,56.77643337470132,53.444877622600764
41,4113.36698537173,6126.08054641456,6132.307466535198,4083.3098826899773,6137.302523333914,4111.0294870916505,30.695340946310495,11.462838400147543
42,1667.25439774062,6060.2080766625,6034.998292558381,1639.802036684156,6069.274613589651,1664.1496361205684,37.27150845016581,9.58340422651255
43,2351.6403548125,6662.389807,6644.630771307589,2327.4015508426864,6678.012477768454,2361.8002281376453,30.048343824765865,18.635741678895528
44,1877.7692358125,7977.73790925,7944.836662109392,1855.7535915943083,7987.154456571269,1890.8631992376813,39.58763258581324,16.12833660467494
45,5146.7679355,6552.8136284,6572.520616017511,5109.316774199102,6576.969931419253,5141.04513660788,42.319674428599036,24.82493509996791
46,837.646024575,2184.26950605,2148.872702627995,812.0893731044276,2162.9440747352414,810.1814411260083,43.658631756897556,34.77178978406366
47,5972.86006034483,8338.796125818963,8366.098212701563,5934.108634613686,8385.54296290803,5971.8783878396725,47.40334317684196,46.75714339797921
48,5824.90006034483,8526.828625818964,8560.348740868825,5792.915080829688,8582.237541142063,5830.88304820807,46.331814420978766,55.730997129551874
49,3652.05536426875,7850.0430092125,7838.660360731471,3622.9022343533325,7863.131429058902,3658.522286834093,31.296480158444076,14.598897956415298
50,6958.03571921875,5956.489115625,5998.352208269839,6919.125437966569,6000.293621102965,6962.9752494201175,57.15355205859283,44.08212402753847
51,5803.34114054687,7234.3124796875,7257.299415299478,5768.20437214335,7265.18918756477,5802.094249350788,41.98799474459079,30.90187416635312
52,4253.59500764058,7252.36768051141,7250.674107416415,4220.848128962653,7261.413907890285,4256.0942542666,32.79064276550431,9.385119258058781
53,2817.8530455379,7662.95041531784,7642.49493623681,2793.2035255882693,7674.66275347087,2830.398791586645,32.03163214982543,17.163175956987214
54,4660.40339023437,5187.1608579375,5197.139328793328,4628.068009344195,5206.779714517614,4649.450228549176,33.840016813430964,22.469340987511757
55,6335.2814053586,6470.21383213121,6503.5689723502965,6299.627618403273,6511.241148549487,6336.8289544942045,48.82374323309015,41.05649279727234
56,5387.41723669062,3553.6296298375,3566.234426893325,5354.306621330516,3568.2946947917726,5374.362098553443,35.42871375513489,19.634173318319423
57,5697.27892980848,5293.704636939699,5314.0931132451515,5662.3984032360595,5321.04279796434,5691.02294705869,40.40224127480191,28.04482783642729
58,2911.19626680929,1666.9596227913598,1646.2095149281265,2887.088376802376,1652.7747713086599,2891.181477686965,31.808133188247485,24.531648847914745
59,3342.262533,6293.297148,6290.079240234535,3312.5803069765198,6302.628943026801,3344.765143661026,29.85614630350022,9.661545349627486
60,5111.66341895,7579.3523742,7591.097149776629,5079.062360491222,7600.338059799095,5113.007114443951,34.652110555896385,21.028659435269603
