x_landmark,y_landmark,diff_affine,diff_affinetps,diff_auto,diff_autotps,diff_manualaffine,diff_affine_nr
4671.2212393816,4467.91223565221,0.549304774083148,0.221621180684862,0.221621180684862,0.369577092806462,0.855038041916195,0.44189014825144
4675.49924681622,4463.63422821758,0.767698652815119,0.609735415074246,0.609735415074246,0.31424239187875,1.30314625012398,0.218817787115762
4586.56059039859,4586.56837502555,1.83567547951578,1.54843303004024,1.54843303004024,1.9246208881896,0.658333658015075,0.681774308812811
4588.45700460578,4566.65602585008,1.69875825886224,1.34558878423164,1.34558878423164,1.61223388894739,0.359409635397338,0.350093767562817
4556.21796308359,4533.4687772243,0.744350240727886,0.37566290066411,0.37566290066411,0.565331584360678,0.71252921789054,0.730840151444747
4553.84744532461,4514.03053160063,1.84193596627991,1.51309126121434,1.51309126121434,1.4314939212245,1.27354828920562,0.735516006644887
4541.04664942609,4499.33332149492,2.15424490709759,1.80267956659401,1.80267956659401,1.82084078764107,1.2234770894938,0.792963277241226
4564.27772346414,4484.16200783742,0.708251819958805,0.365869655329016,0.365869655329016,0.473082181385705,0.763018193817461,0.552911344440209
4558.11437729078,4484.63611138922,0.902396699561563,0.614432828948308,0.614432828948308,0.916133974515442,0.414206757182925,0.642979210457615
4568.07055187852,4463.77555511016,2.25070276420621,1.92453541433336,1.92453541433336,2.07099148012948,0.978745022049878,1.14942929734284
4560.95899860156,4469.46479773172,1.16250978360597,0.907967920194808,0.907967920194808,1.20503403829599,0.33269106814187,0.680865128228712
5732.12016056775,1756.05902603761,0.964464727350237,1.47204591449494,1.47204591449494,1.39198077841709,1.42655294829399,0.427501700836486
5704.45973192865,1761.21605510592,0.612253703003223,0.375623712377296,0.375623712377296,0.314193512297598,1.45943527985823,0.741285974282023
5699.77152368473,1745.2761470766,0.512468173289341,0.48075646341756,0.48075646341756,0.424486678181851,1.35697420463399,0.685858370767363
5715.71143171405,1682.92297743252,0.100131148064111,0.936619467165889,0.936619467165889,0.896526219252063,0.927015143494934,0.496268840321154
5633.66778744552,1713.39633101798,0.923904129638626,0.91006670800004,0.91006670800004,0.787202817313637,1.69132281638827,0.505229611995801
5632.73014579674,1705.89519782771,0.903278691750702,0.862762586276139,0.862762586276139,0.741297549720273,1.68360840222254,0.505374895622695
5691.4147246385,1722.48915648451,1.40951786534764,0.497454617794359,0.497454617794359,0.494323325774859,2.25844796532152,1.22244435631257
5610.65252395664,1756.43269010442,1.01066228608042,0.348334407743111,0.348334407743111,0.229708114005166,1.84029589690539,0.183084367158959
5563.24862355642,1738.29045661792,32.3426287714564,32.9133800532078,32.9133800532078,32.7664011927298,32.2086507473729,32.7080321629416
3561.1254388525,2966.85535052025,1.32571901943654,1.48735456138588,1.48735456138588,1.15932813561333,1.0277715676417,1.12385908435595
3588.79619513875,2911.51383794775,0.532558394935883,0.455702272005415,0.455702272005415,0.759671327867438,0.759374418207583,0.999117515035464
3539.639910442,2923.88429369925,0.578093599815045,0.411648186032017,0.411648186032017,1.20640065602029,0.912477750466424,0.909522157770127
3627.5352539395,2929.74398326575,0.75512012998996,0.945333496285762,0.945333496285762,0.311060497240138,0.420147314196735,0.408728227468587
3637.301403217,2946.67197534675,0.623110254158014,0.755430396829102,0.755430396829102,0.146028323256642,0.467977805757461,0.702582467875133
3617.769104662,3017.9648650725,0.774361184064208,0.626289944466671,0.626289944466671,0.950550817418325,1.14278817533369,1.29895346930928
3616.14141311575,3009.500869032,1.73508354893376,1.78670776896925,1.78670776896925,1.3652690892672,1.60849709829859,1.08074661302668
3587.1685035925,3018.615941691,1.08309232226189,0.983917703924455,0.983917703924455,1.11171725105673,1.34027554033709,1.10897226736925
3571.5426647485,3021.220248165,1.18234919210706,1.23317806370908,1.23317806370908,0.830420698660697,1.06180235752807,0.533904384860871
3551.359289575,2980.2024211995,0.353609847847326,0.494955844910799,0.494955844910799,0.163018412513297,0.170037066798867,0.0176630945804524
5770.72649413795,4016.40894359381,1.39594327000462,1.29601617464641,1.29601617464641,1.19501751208597,1.05549943093134,0.589093325480365
5784.53269667788,4071.12241291875,2.04227334189388,1.92225071124928,1.92225071124928,1.80880623880547,1.4591444782141,0.898969854390683
5791.69146836526,4055.27084703956,1.83786684328271,1.71347161866636,1.71347161866636,1.67638600597454,0.881131984437095,0.313842680009246
5757.43163243282,4070.09973124912,1.22380370565009,1.09978375781254,1.09978375781254,1.16698720621471,0.273229662141216,0.501964031533781
5801.4069442267,4065.49766373581,2.62242904142736,2.49499914703765,2.49499914703765,2.53703228580693,1.19475980060171,0.936547061352301
5844.35957435095,4048.623416187,1.51549999813656,1.4109111599223,1.4109111599223,1.55928305556988,0.296268086872701,0.665476083513345
5853.05236854276,4074.70179876244,1.17950564553833,1.0500181971645,1.0500181971645,1.1576247158535,0.327900520801227,0.503078841094552
5840.78018850726,4094.64409132012,1.66777395060179,1.52804245140121,1.52804245140121,1.60622027498134,0.276308203492788,0.154276603871134
5780.44196999938,3954.02536174669,0.994841648880624,0.912701883483893,0.912701883483893,0.888791610161649,0.657933861849649,0.303999209274154
5745.67079323213,3962.20681510369,1.66733808216142,1.59517363488176,1.59517363488176,1.66417965996641,0.32772312475636,0.950608505770365
6278.13125105289,3299.400762315,1.45798383919981,1.62593081499558,1.62593081499558,1.52844223958975,1.22558324598323,1.54079524046514
6295.37966291627,3303.71286528084,11.435769945754,11.4211147259535,11.4211147259535,11.6285449364119,10.9499136379477,10.8856542963212
6342.81279554055,3299.400762315,0.538443002405412,0.71709304308262,0.71709304308262,0.70262745987755,0.95601762138444,0.624496432796057
6332.95656019005,3264.90393858825,1.75137198813925,1.77480137293383,1.77480137293383,1.97613000622784,1.52716595725536,1.00579284400448
6350.20497205342,3325.27338011006,0.781339406646708,0.863091602649071,0.863091602649071,0.649783614073597,1.68729598303536,1.12501017401307
6315.70814832667,3282.15235045162,0.581874398267836,0.744243434911089,0.744243434911089,0.823120444290763,0.783407300108125,0.489306874595217
6300.92379530092,3261.20785033181,0.373923191240332,0.571850203829367,0.571850203829367,0.560031975732798,1.04929921962353,0.856054032312308
6364.37331036977,3203.30246764763,0.89712870384892,0.693689425894547,0.693689425894547,0.842980552627341,2.05778963236194,0.920104227174285
6267.04298628358,3192.83021758772,1.11214073620947,1.30830475746948,1.30830475746948,1.37614818110608,0.312627719703829,1.04150747283311
6273.20313337764,3160.79745269859,0.365311450228493,0.213477214161647,0.213477214161647,0.383274067952394,1.53560065522514,0.503997666062985
4729.0191627002,1013.56492757735,1.4578171764857,2.75452048452257,2.75452048452257,2.48923081763411,1.68338009610527,1.57760686927259
4632.91573438971,1022.13466003816,1.71905221265718,0.410454015653634,0.410454015653634,0.8894096936008,1.98535501641205,1.38375192367433
4655.56431303613,966.431399042904,1.36345842731998,1.53478475306565,1.53478475306565,1.05003448425234,2.10931592654382,0.982671348935326
4873.48036703953,978.673873986916,1.37035357959732,1.6288773152985,1.6288773152985,1.84816062814992,0.944493160576993,0.566147205064337
4809.20737358347,924.194860486064,0.56962410932553,1.40338427863124,1.40338427863124,1.14745634010283,1.3476154232153,0.752698512120808
4703.30996531778,917.461499266858,1.55328862097385,0.441082734056184,0.441082734056184,0.261914904836106,2.07815713550248,0.726067275451096
4741.26163764421,976.225378998113,1.20620728956787,0.958731003732935,0.958731003732935,1.26678325412065,1.14388510552637,1.32183783162293
4771.86782500424,1001.32245263334,1.49304000485174,0.535425562846845,0.535425562846845,0.250755663157317,2.07294226500337,1.14960151108379
4860.62576834832,1016.62554631335,0.299158575345206,1.51120102156997,1.51120102156997,1.32362996224859,0.986606135496231,0.847410781359765
4847.77116965711,915.013004278056,0.528037111494122,1.0985798295324,1.0985798295324,1.14404167333963,0.775627655738724,0.534418780200936
4545.68386213838,3742.81480778397,2.1365270940077,2.10865466574817,2.10865466574817,1.84562110248428,1.2145652613246,1.22888635095361
3990.75681865531,4135.59127001065,1.13299319677296,0.938301933879521,0.938301933879521,1.32714788942169,0.41028309355786,0.896382522726557
2550.04439194024,4011.70475399832,1.35420857329697,1.1094858189888,1.1094858189888,1.1297874794808,1.55182027969495,1.32637060555209
2569.56852493687,3285.22335858586,0.648685851058533,0.886205261615548,0.886205261615548,1.05178408341762,0.735883254867206,1.2012735142504
2713.11959059344,2547.79686784512,0.475483305299144,0.321527545755633,0.321527545755633,0.569723705085048,0.417882083135653,0.44697421536569
3065.72426736111,1983.78351410195,0.838641297265567,0.313804349297958,0.313804349297958,1.15802466537177,0.686598329663076,0.748213315173253
3437.55721875,1960.11925,0.706168805752215,0.391367359789679,0.391367359789679,0.814377505522272,0.873467680494244,0.357301156910271
4115.02103125,1987.977,1.73213019240302,1.10045461277022,1.10045461277022,1.51598200355085,2.08657026224629,0.704443266867854
4274.77887594697,1483.60515719697,0.677001616093834,1.51829289871879,1.51829289871879,1.51145240342634,0.200941898380506,0.968353135278809
3524.80150105219,1598.10281986269,1.11815403199567,0.430343409224686,0.430343409224686,1.39270963491749,0.954519284938919,0.72097654716524
4365.71084625127,2490.14144588106,0.681749370283866,1.19192466384438,1.19192466384438,1.0596108153138,0.208781765421464,1.03620096085893
5139.47509324463,2813.96143434082,0.896170153987228,1.28051302004571,1.28051302004571,1.24704553933912,0.49395410677554,0.531959416846972
5036.42291382575,2467.90904969697,2.44595285308431,2.28881786563622,2.28881786563622,1.93951577278677,2.89805830915896,1.89748953955095
5635.0217681164,2217.20348321719,0.853318651585928,1.10106032787332,1.10106032787332,1.17774880693895,1.14580712474353,0.324502038016823
6617.33184131575,2318.5720215614,1.6645838463418,2.31236126055748,2.31236126055748,2.33898380163057,0.464153727826567,0.975575301728058
6580.99650515573,1851.48018241582,0.916118524306353,1.03208591754652,1.03208591754652,1.25958875105604,1.69846558841598,1.34053369598046
3509.41152935607,3742.04241137101,2.00344823391597,1.89106875237004,1.89106875237004,2.45876047150811,1.47392808082888,1.21092228362351
5088.46680439815,3642.6538587963,1.54838633492092,1.60564907980233,1.60564907980233,1.35410164007857,0.459757834731183,0.67637237635341
3854.02742834596,1152.69931797243,0.397697651927302,0.82848521074039,0.82848521074039,0.926127941131444,0.527989701374879,1.23383748037294
5874.18241130051,2758.3492260101,0.70783393338253,1.13876208689957,1.13876208689957,1.09019815356645,0.594037633505132,0.489148139641751
2936.16919223485,1590.45282617845,1.10410317220151,0.376849549074751,0.376849549074751,0.966570418587994,0.886686642966916,0.90414280088963
4368.29821875,3032.5033125,1.04744206845988,1.31845727918432,1.31845727918432,1.14740241333459,0.462960889972854,1.19987533349205
3679.18191824495,2476.19763541667,0.457025016105188,0.386476535363561,0.386476535363561,0.833418483541967,0.69860573771999,0.909168791953537
5095.09278125,2079.128125,1.30265393131463,2.10056666631999,2.10056666631999,1.88265150467715,0.683041413342819,1.4580989975031
1831.713545625,1637.344805,0.822498245606532,0.741562494493663,0.741562494493663,1.09901788908407,0.704799939979696,0.480474741900981
1966.62582285856,2345.68835885597,0.592076384227747,0.608090819290962,0.608090819290962,0.635017604770918,0.482230156326392,0.385492837909037
1949.73859375,3242.365625,1.95946882954731,1.58013075918234,1.58013075918234,2.04907083211496,2.17354441801978,1.64470316229314
2914.9954401792,4053.41744735293,0.164153531344895,0.555304487633296,0.555304487633296,1.03011195625467,0.657787648521387,0.431285664312395
6028.91687015994,1244.27575329703,0.628851257618623,1.55424178197829,1.55424178197829,1.55263796283167,0.728719020174758,1.14227922561432
2322.02779440235,1133.65250943261,1.64855656741964,0.909199853672655,0.909199853672655,0.720226892278009,1.26020828828635,0.627663871521662
5145.38940625,1412.3915625,0.655159431087199,1.33413601349191,1.33413601349191,1.36940802972777,0.526928946654753,1.47672100667818
1740.68746823232,4193.24782298653,0.923021202365066,0.826481126469577,0.826481126469577,1.15517231373168,1.29425327408275,0.115667584297152
2856.69732875631,4593.96911852733,0.802242103456004,0.166689495961813,0.166689495961813,1.38931249983371,0.66082654626458,0.456464069657028
3411.52509375,4390.7460625,1.19873507153871,0.661305497308519,0.661305497308519,1.48932683067701,0.604201778483941,0.390380674664718
6532.30873530557,1443.35115371836,0.487200342762567,1.60344590889822,1.60344590889822,1.70241507162932,0.771391710946122,0.54943307392195
6399.71216261574,4389.16812701823,1.55923418506993,1.27209774326019,1.27209774326019,1.27676277426023,1.0842162693313,1.01435643593124
5731.87753125,3357.4855,1.37807517433225,1.51547681247393,1.51547681247393,1.43610387527484,0.703395337887211,1.0371654690778
3123.3160011457,806.156238289063,0.702682178591823,0.628768487611107,0.628768487611107,1.0178053730337,0.458137745421207,0.713642285220531
4209.99496875,3621.7080625,0.895385246178671,0.878211243620878,0.878211243620878,0.75268060528137,0.321235357077132,0.432468650306242
4701.75786458333,1883.05978598485,0.423224628490851,0.525628679369165,0.525628679369165,0.373839462371481,0.972413867925892,0.25192392359455
