x_landmark,y_landmark,diff_manualaffine,diff_manualtps,diff_manualaffinetps,diff_affine,diff_affinetps,diff_auto,diff_affine_nr
8646.67141965,4330.5515427,4.09058698133395,5.33698270756006,5.33698270756006,25.0112338341466,58.5047617615427,18.5558908057433,6.44822066238377
8608.65866171406,5051.35045276563,1.06714402752726,1.78097069921751,1.77889640997186,22.6457875328343,61.2762851687249,21.2140025433816,4.03976359171907
8158.31938296875,6315.5001303125,3.03775950295933,2.97732070004839,2.97586043813525,22.006383021829,61.819228591798,23.604157521112,5.34525067927212
7798.8002291125,7386.638736,13.1424674984134,14.8375831443481,14.837654747404,38.8531450889278,73.6565646549923,37.2428601816771,5.75385746410723
6870.935544,8190.888116,9.65071599084048,10.232957098734,10.2332724065866,25.7102213601748,32.3628514062085,32.6057026890262,2.42010999763465
5623.141477725,8662.2583536,10.4256401943936,10.1925274354136,10.1915652788098,25.3531725850073,18.6909432426162,26.9310120875732,8.67522454235297
5867.091477725,8315.6708536,4.68242886648702,3.87660421134373,3.87766371138094,17.6907846001274,10.3865215665434,20.8995234249168,5.40308292418207
4335.52756920415,8834.70909640138,9.76738771558075,8.81888315940122,8.81473543435151,17.1299634931619,41.7280997614128,18.3986640597001,6.71980114414681
3764.86185439515,8258.75562337798,6.59895405242003,3.09850553290667,3.09391043594605,7.7087402191157,47.14220007608,10.8861417070018,1.07122713568438
3248.26644977386,8597.59777049516,6.76725573715809,6.06882968445506,6.06581297300646,5.95010841813105,47.484133093373,8.72508037353014,2.57623687948253
2205.97722485,8100.5146761,15.69835232815,12.7235017752733,12.7223769243533,6.95726203786584,35.1772708017697,11.6552982034499,9.14944399133929
2013.28000679471,7213.10025038423,13.7246223673208,9.80041669124278,9.80138863191375,2.61144983248352,19.554506109131,9.08475094443956,6.77083355197156
896.89472265,6369.8016023,8.8994060485193,1.37803084873186,1.38623120247548,19.6794151475934,20.6849570511333,8.60299315303279,6.20493872036747
1670.75355914062,5317.73017528125,9.08043879660186,2.325773949637,2.33107442868599,14.6341724749857,20.4640409521468,6.18377367850003,6.65384173717941
582.279234684373,4659.78518653125,14.6940623267959,10.3684296474186,10.3778231923755,18.8035603125689,32.618291818462,10.4590326584622,0.537868309089443
2089.50746421562,3214.3805597625,8.3709629585775,5.2570856083743,5.25756631069631,20.2384040871213,30.5698271056765,11.8804412520601,5.35845570616174
916.765464015146,3689.13064318182,8.48046909620273,5.99955625348446,6.00483042592385,25.9634692968004,41.6983879872608,7.81151657820193,1.23620044074381
1920.87235291875,1936.945129575,11.840361501785,12.4266319013449,12.426094372125,23.6058919446734,43.4850044464246,20.8695273868602,4.33195835510895
3047.11469571875,1467.3156975,17.2538810038731,18.380594394619,18.3796171951275,14.6375278352627,19.7121612841288,23.1869780282755,9.28241873717924
4582.76347258437,1210.6626881375,9.24285950960924,10.3604527079706,10.3599345621303,10.9068295023862,7.2019023795631,16.6159214687402,5.66731351134117
6070.96437394375,1435.4365166,8.97946750275683,10.312597616816,10.3123805588862,2.36533469104898,16.4674477860858,16.3463489928242,8.14458309863919
7375.90836434375,1952.520113625,14.0370768160914,14.0948495145124,14.0937801674158,14.6550622495514,12.9303142113615,18.9772412098364,6.53655868052113
8107.34943965625,2899.984563,3.029699222817,2.23558297193634,2.23519024633645,11.1391994872083,31.1766328414348,8.2087548400539,7.09637663053129
7574.576952625,3692.2248015,7.3461665443682,6.99610718632763,6.99629014962167,18.7965714726545,24.7198613429323,7.70778918401636,5.68927794033976
5699.93056851562,2502.13457025,8.4005924461737,7.39449904410434,7.39597437426625,2.84427964478067,16.9271542783366,15.0422404492304,5.61998296929896
1315.1075,7240.025,11.3300385075078,6.79196184713455,6.79593706851517,9.8666173778152,19.6097111259199,6.16675773841818,5.21839312381681
6421.11666613281,5134.48240875,8.70327916555338,6.35526715163973,6.35878029946878,16.8835498184021,12.6322696995337,14.0481164283538,4.29197093356186
4549.32932636093,2434.0189803875,7.0361777714902,5.78483438619553,5.78440454669936,7.90358918091663,24.0976639073721,18.2199597843529,11.7615087445255
2729.84602017074,2854.72626697338,9.5928593887991,6.83103885416266,6.82931146111791,15.4437071514608,28.4515749672561,16.1885148476495,9.99632868379255
5842.49019304375,3488.200551725,6.06255812753476,3.91824123476113,3.91982620157326,5.25592748351363,12.6842420333145,7.4547502896866,6.59879746030345
3799.54344965953,3583.67959850681,6.53227935772793,1.1927119068591,1.1924554759825,8.37239989600402,21.0283560531386,14.3301617176271,4.26927224229038
1611.4411837088,4388.72588677568,15.0969496364702,8.96681912287463,8.97018320581044,14.4872913120595,21.0914441438177,13.5738113452678,5.94954452103305
1719.91664815798,6367.12132199845,9.40753556841942,4.64681878440561,4.65009078104905,10.1978548064323,15.9830561656057,4.61134357615812,5.33247165273827
7519.40444541437,4791.09302072492,8.18295110651665,7.31859263709259,7.3198578745586,23.2281097036321,32.4433909249485,13.5815813359126,9.15397387394317
6823.9148171875,6103.7577375,5.08199872875229,4.93375569318493,4.93512798791845,18.1782914285717,11.6254644472563,16.867890378368,5.92320091746702
6839.90143577969,7281.55884530625,4.81854532356174,5.1547845158244,5.1563022480249,23.6595372672123,25.2907067064409,22.5985169742521,8.17271007225374
2169.42578064203,4390.87891357004,15.1612142841215,8.04363714394069,8.04546663652973,8.7465892745594,18.1620923157797,16.0119734587966,5.93592486421598
3134.9031965375,5068.19998735,8.21189530883681,2.04524239256015,2.04557304403149,7.28362831063242,3.83096493173998,10.1492151188883,2.22527699226866
4004.32357976653,5423.05519748055,9.56749895170205,1.95495566119537,1.95534815687734,3.53166088631801,16.6713030964735,13.0868591303948,8.55617539547983
5467.94919625487,4581.97032025778,11.8619785422841,8.45979313698882,8.46195658043054,11.9802310609374,18.3164677154579,13.8428552690038,6.97281855773529
4172.29281128404,4289.89690231518,12.6031551937856,6.35500174121995,6.35594140040893,5.24301105160073,17.5419502876474,15.9012470464754,8.17310850937967
6391.8395963035,4325.28537134242,4.81277077053042,2.65341463042165,2.65563778427169,10.0809933614216,9.85794560413368,7.25675168082578,1.08776314453939
3058.89433668125,6205.32518085,6.92937187843385,2.15784250435156,2.15718402119557,3.9334868593256,10.132110623914,8.19953279819921,7.51062031311937
2434.46123669687,5427.07401325,8.33515430322911,2.54570469903229,2.54605343229915,9.34403757791248,13.4106847945751,9.11667140369592,7.84177579606863
4755.51142905328,5471.69958761333,6.27257382143361,11.0258949295914,11.0248980386311,7.21782611248943,13.496244799984,1.72286810227264,11.8657064386497
4123.58221830381,6979.28355831847,4.92132135406048,0.84439252109595,0.843909913578809,4.35384537860511,14.7723432429123,9.07924776841837,1.33557555182911
5744.25653196136,6559.92924451132,5.44838680583482,8.38796793135163,8.38608102252366,3.82152003467449,19.9296731509828,4.57016345273871,1.81512314212574
5000.2806885,7577.67458,10.8316788323389,7.92996961385534,7.9292844435505,17.6419023391017,18.1484498526558,19.7227639307174,9.44747307876876
3295.77575907939,6928.52138743244,10.0746630157997,3.93630074030307,3.93330329732185,4.47390849614475,14.2687401571687,11.1386679833517,8.20793833935013
4886.4252174831,6201.61772925675,2.9112734058272,7.05942214173245,7.05924882668723,1.98374383402363,21.3197919638557,4.22161040698734,5.87048503718582
3047.41377380384,4244.02186550676,9.95538609281432,2.32151480033287,2.32046205255617,8.06924529180595,14.9132818770233,13.95943452101,3.73714196138009
5226.94390836148,3539.30010729731,7.16663884593972,3.56227667303972,3.56456416593834,3.08210134661017,17.4340388829661,11.3513839057699,5.77964417506962
2905.14731418919,7609.88964486486,9.50807306048916,6.23022838289676,6.22712496607853,3.39226288394104,15.033150031762,8.97555014470158,4.60691392248026
5471.55303579687,5517.995053725,6.56418688333424,6.19396148232408,6.19410389297864,8.35780056314465,11.4475538128542,9.55151775881733,10.5293652140476
3389.42592861719,2216.21150035625,5.52330594388144,4.49281987245638,4.49063886290771,17.5139255178461,30.1894612278026,17.2939447018732,5.96914773465112
