,x_landmark,y_landmark,x_wsireg_affine,y_wsireg_affine,x_wsireg_nl,y_wsireg_nl,diff_affine,diff_nl
0,8883.44141320402,3935.28323231393,8884.693186238694,3929.9297357921637,8884.78234299531,3935.0683596504537,5.497896028382171,1.3580364379047498
1,8856.025,3072.2824636249998,8858.859944625225,3072.419764606062,8859.504657972217,3072.530826617142,2.8382675327553195,3.48851025216765
2,8322.8262925,2070.0919587500002,8323.202798822254,2072.932998117845,8323.246942804608,2069.905597111362,2.865878870493374,0.46008405658387935
3,7595.09222826088,1319.6864482608798,7598.7816486104275,1317.3447286090038,7596.617416516592,1318.6134646171265,4.3698367754000165,1.8648037738927692
4,6812.2694571875,732.0176146875001,6814.415683028027,723.8280198653028,6813.082285712162,730.4995003758279,8.466153123485707,1.7220224370804114
5,6106.6124283125,846.2244887500001,6107.885031333772,844.9769106538135,6107.965916436749,849.0777342127739,1.782125011281213,3.1579961642346794
6,5239.38638586957,443.0928678260807,5244.25026702431,435.1325085784297,5244.493700557291,440.80206116372807,9.328700833400987,5.597540395895879
7,4387.55181159421,441.56959253623063,4390.020656523521,433.64868478087993,4389.0856186723,439.6817894121611,8.296744840825122,2.4323578659493013
8,4073.15181159421,427.1595925362308,4074.1496841032977,416.3247450586342,4072.886537196526,419.91722082382273,10.880701696452004,7.247228334111922
9,2642.76311594202,939.7939567391204,2645.182108919752,942.320555877544,2645.0258858753264,946.337320885683,3.4978893968507103,6.923564264567543
10,1740.19487345,1657.99315475,1739.237984333981,1658.1533507824736,1740.9351779293354,1657.5757918588363,0.9702059313236351,0.8498485188812855
11,935.825899999999,2948.3580375,933.5702561110099,2946.8156093522007,935.5648436189686,2945.5187910089335,2.732583748955896,2.851222732637889
12,722.346486924999,4121.068272925,724.1586601145003,4114.51631485426,722.696265341847,4117.479321432514,6.797950149088262,3.6059558727630336
13,808.318786399999,5472.9835309,803.8554911672226,5475.518989373416,803.4241804081366,5474.185228723452,5.133181664946357,5.039964828693265
14,1088.29141304348,6534.5668257971,1085.7267459608413,6540.437608687268,1085.362154508531,6535.747969643446,6.406528622292903,3.1584262458274113
15,2076.39406354516,7643.98925627089,2075.3847095069905,7640.48556967285,2076.1598555166615,7643.741032689684,3.64617818429855,0.34127459161173573
16,2813.85893531875,8340.9329957,2816.7800690438407,8334.43735954105,2817.6056473900985,8334.078885228259,7.1222406129900335,7.811317539598429
17,4154.798244275,8743.806515499999,4154.797342507086,8746.966102592687,4154.882339798259,8744.1282625438,3.159587221373909,0.3325555851688628
18,5264.904305725,8369.541678,5268.037926109279,8368.481523556851,5267.112435974171,8370.75557278685,3.308096757366387,2.519797561480549
19,6192.58486875,8551.51795,6195.673048933915,8549.658008506334,6195.694351254946,8549.459963147518,3.605029709750416,3.728832435703261
20,7098.06498826562,7865.2329885625,7103.485240233036,7864.345263601995,7104.446047260639,7870.501753228831,5.492466385494359,8.275131117214276
21,8320.8667358619,6961.407470332109,8328.28073851505,6969.896163364301,8326.563196495807,6967.847576497187,11.270552104297716,8.597943426838514
22,8780.97522714375,6206.019298825,8783.738772408557,6208.10866010068,8781.846003194705,6204.03720334994,3.4644787444787575,2.1649372746505837
23,8935.86585926562,5413.9918860625,8936.399942332542,5414.6842803604495,8935.63340069114,5412.39340416459,0.874445302009456,1.6152960616544203
24,9098.64509179687,4326.615879625,9101.674133009677,4322.507078995984,9099.193041721668,4325.659710418447,5.1046384081431,1.102047490649577
25,7740.3229585792,7406.13672128035,7741.920701326596,7398.255596551559,7741.3358205600125,7403.543724567396,8.041449426416158,2.783796211213577
26,7753.0698423007,3316.5125245463196,7753.209241240075,3316.610583762174,7753.0821529421255,3317.699203782514,0.1704337821941162,1.186743089934403
27,6426.1300610625,4282.8748965,6423.085017528804,4281.739520435576,6423.6835896577495,4287.1383513363935,3.249825984537018,4.915513144751708
28,5605.10368128906,5464.00556218403,5601.897364032087,5463.852820334849,5602.043241727248,5461.535388774355,3.20995333686494,3.9329438065361
29,6884.23058097187,5791.9648680125,6891.318964675937,5794.998626677993,6890.861578156759,5790.183769720209,7.71030966800577,6.866034866850257
30,6201.474680025,7585.03069215,6202.262371350931,7581.396864864105,6202.2963879326135,7584.572377240564,3.7182197848781953,0.9408806734358527
31,5916.9191875,6296.906187500001,5916.345036101754,6301.483491837834,5916.006689567569,6298.342508895256,4.613172967627928,1.7016673080126912
32,2045.1656344,5979.879920925,2045.677713148894,5983.0145611111875,2045.1402548288818,5979.096422974044,3.1761917042159213,0.7839088989051558
33,2087.403316,7116.871502399999,2089.0516644588715,7113.20102668021,2089.3620373178464,7114.507456357432,4.023610897120701,3.070065616948014
34,2964.126098925,7339.56359085,2966.8462573115708,7334.751884681997,2966.982233160462,7337.896586060039,5.527366271130524,3.307024000627958
35,3634.23855,6299.71195,3633.8219619875026,6304.77325972099,3633.5598264143377,6300.1421003475125,5.078425116504378,0.8035515087407178
36,3980.723765875,7397.034068375,3981.6642217658687,7394.673843199827,3981.364163745039,7397.286095595656,2.540692850422575,0.6882057482338247
37,4795.687532525,6979.650482325,4796.3466885212665,6980.694546322608,4797.16689887588,6981.057837580272,1.234729224776137,2.041855434318711
38,2145.2631067625,4829.9550681,2142.99707429236,4828.829468783126,2143.386151501903,4830.110582652576,2.530193071264522,1.8833867967958557
39,4996.0278538,3955.5921120000003,4995.055993075024,3951.2556608254313,4996.669756214223,3955.7022276171747,4.444020933588387,0.651278863874938
40,3204.183582,5117.4513494,3203.8924790970973,5118.09000096624,3203.734906382098,5118.124698758141,0.7018665992473089,0.8091410063815332
41,1428.92371451104,3740.7378377760197,1429.3466485922195,3733.650182099783,1428.5688545189807,3736.0580524395914,7.100263109344307,4.6932202600148
42,7566.27586715,4578.5831491,7567.1132018042435,4577.99723521156,7566.752450578385,4580.735230436284,1.0219708449189933,2.204220007665646
43,2517.43752523659,2579.59354731861,2516.0315229174544,2578.5333819426073,2515.9985197839064,2574.8020245181974,1.7609069100578174,5.002941878507751
44,2523.344030425,3840.9170013249995,2521.7501861862156,3838.0854992917566,2520.773859343847,3841.230681317695,3.2492681055530723,2.589242075243471
45,3712.749330775,1317.0603966500003,3709.483836532895,1308.133462309757,3709.974268088562,1308.8957326061875,9.505451560038255,8.623381695251004
46,5434.7651492,1293.0564183999995,5436.956195437139,1288.7328915340956,5437.181784756349,1290.3670395496863,4.847016419765145,3.615644619251112
47,6522.477893875,1808.3970502499997,6525.213007786202,1812.0602662283834,6523.894849698958,1809.956575198266,4.571651715905216,2.1071027196873877
48,4180.9122826,5213.5432378,4181.371637326723,5211.908974114925,4180.110325336237,5210.469421345223,1.6975937550891824,3.1767094690193884
49,5863.2222264,3373.6272559999998,5862.452843435743,3370.8863517550126,5862.332481841311,3372.58522487864,2.8468414472672245,1.3702095597385657
50,3445.30400379799,2554.0188794760898,3444.3714127233657,2561.032464489999,3443.9134653487845,2556.467296172053,7.075316308109375,2.8157310766105397
51,6885.6172664625,6664.781835587501,6887.272116726067,6664.3795257510965,6887.106973327309,6662.756683334603,1.7030509679087706,2.5140541343566722
52,3584.9437,3706.000123,3584.5451939907834,3700.4515668994964,3583.5333905436464,3703.79835021833,5.56284835671579,2.6147229575580555
53,5009.7681015,2181.5767668125,5009.714113707684,2182.896032616752,5010.999376811839,2179.9336205426234,1.3203700026841718,2.0532823862670426
54,4712.698881401,2982.37484033467,4718.58854315061,2982.9425448132647,4718.278733184555,2981.1866475173765,5.916959007787578,5.704958202958695
55,7111.85965242882,2404.8334495728604,7110.2992465686775,2405.3964201673293,7109.912277398101,2403.438109938098,1.6588557317025219,2.3956715564964446
56,3392.29417085427,4799.28487437186,3392.1461951261726,4798.559016313354,3390.705050105643,4799.496971156479,0.740787916480592,1.603212337702896
57,4640.5246386,6354.4419978000005,4642.851588916004,6355.077208892134,4640.916156953801,6352.677139414386,2.4120926401618266,1.807764293993144
58,3108.37551926299,1688.6430067001602,3109.8080276978926,1688.1577638787005,3109.710344833307,1686.793015110014,1.5124619042623733,2.2812777530986685
59,5334.28149435,4616.52051185,5332.757975937926,4611.962732982558,5332.740559329943,4614.306767850849,4.80566921005047,2.6972473430918233
