x_landmark,y_landmark,diff_auto,diff_affine,diff_affinetps,diff_manualaffine,diff_affine_nr
6321.3615061905,7095.66596506219,1.67669518606097,1.49616731702665,1.80953483697016,1.82887573588088,0.917033704263127
6350.2215061905,7127.64596506219,0.847658911370934,0.777526146954843,1.30440351198341,1.1209564953122,1.23834575045485
9273.56695473292,5452.08339293012,0.700181928325828,0.432901262083803,1.93605522710452,0.809844974998232,2.21632806741736
9343.64336669305,5437.89070190022,1.15039366187411,0.900881570117144,2.02821813772438,1.25355299024537,2.4231862064812
6800.36043046875,3368.448321875,0.902560012168226,1.32253360193185,4.58064884474584,1.40193491235438,1.26439527532735
10218.0188732117,7551.95041426729,0.721289654662844,0.80749340779309,3.75599060337949,0.326176955547377,1.72688434617299
4626.63713415814,6628.79659180688,0.586102780981591,0.769834417475298,1.24119853802453,0.168664310453016,1.198982739779
4725.06055860076,5284.67018787588,1.09239998453436,1.20490695032445,1.54501973787922,1.51714517656633,0.41735687130409
4681.10555860076,5217.24768787588,0.265771785333835,0.256397718304664,1.50892723256148,0.70419660245682,1.6315937669628
2789.68521171875,4812.42889375,1.19995417083372,1.48433322040712,1.26578905459094,1.09430122184711,1.64844069307068
2718.56521171875,4842.90889375,0.555073598200458,0.893124464794497,2.82151808776101,0.459177224643145,1.8008011553868
4827.60418272495,2174.82745498664,1.72712196683289,1.27808684875058,1.37940702501531,1.27334060203097,1.39379057823977
4834.12918272495,2245.94995498664,3.1413897858836,3.0456092631576,0.820654402984692,3.0805848532681,2.56591595138129
4783.88668272495,2191.13995498664,0.715032968115726,0.979992947956407,1.69264144971859,1.08773682263217,0.192322449468178
10726.3703111204,1190.50521279213,0.411575203804772,1.28297577915119,1.32272281667549,1.9708755651051,1.56122866711898
10676.9749622832,1225.6680034898,1.4420271209852,2.02930375023435,1.16711422882982,2.93781487685706,2.36792626218929
10501.4947567795,5803.5103502668,1.28045454668614,1.16450079216306,1.15648930359967,0.351069694899672,2.06667432589791
11625.8673804688,4127.144284375,1.7145169536887,2.15130298351514,3.38537640495973,3.0554881819454,3.44923797420866
11570.3673804688,4137.894284375,1.77227050014881,2.20738726093374,6.30919430831775,3.2250101249123,3.309137058612
7824.24465546875,2700.614859375,0.85995599378866,0.41143796920477,1.47922395303174,0.838249966308454,1.64849301805833
7738.32465546875,2848.289859375,2.08359330397518,1.7804463549768,0.819776421656744,1.79537850308768,3.04156048737514
8010.85215546875,2895.277359375,2.13803028139938,1.91262146202493,2.71038371458427,2.41226783587,2.49574184906027
3066.05892121411,7135.79382314312,1.80094832440679,1.79057816348603,2.48556570164714,2.41227503508349,2.50773516680355
6319.34635433321,6282.03662056368,1.24231040934238,1.35463803333243,0.537046917572065,1.5506647431012,1.06621242475915
6405.92635433321,6221.19662056368,1.12794528635966,1.25718736492857,0.967067418535126,1.49608884952699,0.773785385433541
3583.40409296875,2818.492153125,1.23397739488305,0.797206386721452,2.93229555562693,1.03465082813243,1.11104891268132
5357.16160234375,3882.06495,1.95116849838954,1.62750006845538,3.47194035639683,1.47271653662078,2.87661587771264
6305.01510722981,1497.92505832381,0.117757175842562,0.926452972440067,3.07311558451336,0.65650288042768,1.40859676020992
6204.38510722981,1439.63505832381,1.44458565105915,0.753958201761885,3.35739629697139,0.852092032909606,2.25426259637272
6314.00510722981,1439.92505832381,0.305059603037847,1.17726049555422,2.33248686887696,0.903698987660768,1.05031742596983
6293.8079494212,4653.01666326141,1.80752975313879,1.90966132519254,2.14711158580206,2.01860376370434,1.77324876971564
6279.1179494212,4695.10916326141,1.02075990792582,1.15611100486545,2.15097877708491,1.28054832179647,1.55755750179977
11264.0520883516,7258.77477253125,0.552486932723387,0.546611839539813,3.33507172068372,0.367639517117519,1.01628568987825
11330.0870883516,7226.34477253125,0.787509599329124,0.654999905380125,4.38833148320218,1.4282357270984,1.85655492213868
11241.4920883516,7198.84977253125,0.541901063460757,0.386240079604456,1.20277214355849,1.08898984223198,1.4283424050793
8584.78057074736,4609.37662954437,1.81797487364646,2.13669525947658,1.00900587465182,2.04503136768221,1.26729641381913
8227.94520112078,3801.3326871621,0.421992282348493,0.591557905619216,2.02995495438924,0.914195650940736,1.56526081197668
5666.09483393173,3067.02705453328,0.861787286194015,0.97835203207083,5.548814474037,1.06074093160548,1.20575766919331
9932.74979850207,3829.80642193112,1.91389811796041,1.95772931729363,2.08667321137813,2.7679689471369,2.06694586588365
9899.83417911249,3800.95902516272,1.61940764841899,1.67095270743763,0.965850458374884,2.19267473457821,0.798894863704722
10125.2845377021,4818.92339205557,1.79444842139655,1.94196694998667,2.76595715660446,2.69530845587588,1.54409655234478
10090.1345377021,4767.12339205557,0.721823266628048,0.749316878166232,1.70476530186118,0.618199651056725,2.23551068853076
3914.18960502693,4062.78509762127,1.05415241994702,0.698772035924954,1.33801566409689,0.674146344157589,1.93806580509435
3939.17960502693,4018.92509762127,1.71483335290457,1.57264887699634,0.831777345203081,1.9755357981462,2.18113525568319
3868.28960502693,4018.67009762128,1.68163979331592,1.3749969670387,1.41706804863531,1.59596648753218,2.29717513483121
6839.51574377804,6522.74391680313,0.619179856822567,0.77432628167942,1.83460781455182,0.844618436045861,1.75245330678974
4451.95207675044,3173.08846072713,2.42005412293434,2.15124576430486,1.77192170023676,2.27011722416277,2.02973262092688
4388.18187926391,3099.68630632856,2.46334795913404,1.99943227084014,1.05348208778838,2.00260262415387,2.55758722897361
7868.21323195235,7075.45948474451,2.6372521707352,2.89993527496939,2.68715015411381,2.76212307057283,2.37581970235078
7754.67642764355,7020.69467325439,2.52231752321837,2.34177754256593,2.45048282043384,2.23154619303067,4.00813320914084
7996.44303446581,6997.98731239263,1.09021911780828,1.29582326661506,0.818508930136781,1.38177996551657,0.917639854507425
9666.99262527844,3235.97975714452,0.140310584101686,0.169498070542864,2.00186532281152,0.735586020503781,0.986934318916557
9792.15420517072,3294.95641782675,1.95487166480362,1.9132803895258,3.49776404733428,2.78946602127918,2.45566460290682
9891.7592321007,3190.10902105834,1.29282816978451,1.31786077822623,1.88205465432892,2.07118643078039,1.86466331540988
7388.60134762114,5736.31949534341,1.29242365322222,1.33244550699758,0.614192828660221,1.15478543226174,2.00379285053187
5177.381997307,5995.55771880618,0.586109049439915,0.561879459394643,0.982677851080823,0.946990851419874,1.68547826432051
5094.16835278276,5932.68518738786,1.47391648442395,1.44303157785745,1.8901388910303,1.77964031578348,0.247819386534651
5205.48971723518,5927.87728792646,1.1043724862619,1.08424041305318,1.49940042938262,1.48997364883258,1.55438172465148
7238.10666021482,2026.15910155829,0.083862422028332,0.59658111522246,3.90891140619708,0.305974317873957,0.839111816055035
3505.14861449991,6063.1584371625,1.17644506654133,0.745406199574007,2.03045606375708,1.25215749307314,0.66344080438334
3338.8721333509,6040.33617504401,1.24661132391234,1.04907416601293,1.06114400481064,1.65614020815713,2.13614462925815
3447.68541880871,6002.43491831151,1.39826417162203,1.90024477633348,2.15389557497605,1.26011826871674,2.914389176926
9349.58752647063,2431.67423697782,0.79351043442982,0.570900575929938,1.90533042882534,1.1304740746327,0.776017435235875
9205.82989630905,2430.12845600835,1.18811968698354,1.43864034608084,1.48639739553188,0.615694224921412,0.54369646223001
9977.06221149017,6633.33915273779,1.41948979221946,1.19865439685905,3.0051520793536,1.61226258575402,2.27272494355189
9944.45897989232,6553.46123532307,1.94339964202819,1.7199716417041,2.94512850515896,2.06501797963296,3.00934887808185
10072.4266639139,6595.84543640027,0.661291088040713,0.660665800532046,3.02384394590811,1.31476986495352,1.35713556791739
6323.23363008424,2468.52960407402,2.83518749103914,2.97311214111838,1.9441620742348,2.77790644910884,2.98302354208797
6422.21388143074,2437.99998109377,0.335267682557965,1.00274915179101,4.08402739297696,0.870267266416718,0.819145841768573
3551.42590951136,5261.45048326312,2.14433204452447,2.36657040284875,3.69194783035956,1.88286930042616,2.26679575558816
3621.40616085785,5252.90829295792,1.75684594368262,1.78977244050047,4.40481461180404,1.91934683183792,0.420814573700145
3606.62160071423,5298.90470229364,1.16873828513521,1.42155459633356,2.19905849364665,0.776786403455933,2.17001083281864
6377.11962419865,5604.15119222374,0.420531058302678,0.567203861846231,0.775914409938164,0.726163216242249,1.80819199768737
6453.61962419865,5526.88619222374,1.21167837709401,1.36399530429724,2.36757587715275,1.53231222066284,1.9973041487716
6327.01212419865,5544.09869222374,1.38132149474905,1.62293802142294,1.26901902132772,1.83280719787464,0.413056176425627
3036.10258261417,4044.83956748412,1.19587978527625,1.5090884482303,1.94242347464488,1.52954423109615,0.816676260797843
2913.83008261417,4057.16956748412,0.810053421771769,1.12345873323978,0.73015502842519,1.09465502577894,0.788562054256609
7023.88409042331,4812.92372825858,0.186729739382249,0.221620884948315,0.210625394515013,0.335482203457467,2.72782936276055
7429.95195538677,4853.3736634691,0.7505298755242,0.687923382485552,0.998902088207584,0.434080041516892,3.05522751150223
7357.93195538677,4841.9336634691,2.22794388786696,2.58989681997829,2.15574281676474,2.56944305777711,1.57871433644084
5443.48402163111,4764.02536638615,1.32184151838514,1.46680073369631,2.31492114554132,1.47978798042284,1.63323035138539
7973.03951961196,1872.28571786104,1.2092693553119,1.25937388932178,1.53046123518628,1.17874884606607,2.11981845958474
7976.33951961196,1920.58571786104,0.645063437890496,1.14019666797161,1.13526375014671,0.637031362400909,0.505622000343322
10954.7884015625,5372.2045125,0.73964257444747,0.847517711674804,1.70391640837146,1.74530584107171,1.83842705267613
6579.52735298295,3830.97874176517,0.81991108107661,1.21033677138094,3.23099892503218,1.33341605840556,1.5040450263374
8530.15850052798,5418.7107576905,1.10801705701302,0.79449656198225,2.13912800664343,0.978081949434925,3.08160870133176
8456.54100481615,5386.05552612961,1.74512979896709,1.74536925342658,2.43073309190342,2.17859916561211,2.91469278684606
8567.39692248339,5386.05552612961,1.73186578606459,2.0364466162798,0.559303432899416,2.20932421144809,0.707740630843333
9283.7871765625,4748.01855,0.548999353603019,0.719080804714206,1.14026151784366,0.60112598556335,1.95332679587822
9198.8571765625,4763.40855,0.252493262755175,0.510034701034811,2.14073101830774,0.746887054262212,2.05156905611914
4103.03220655821,4939.94365634277,0.0896180225934008,0.196604477855246,0.414652703876556,0.605279097510817,1.62771195060271
7996.96289887168,6327.33625578097,2.07298809196707,1.99039019401029,3.41928667424296,1.69342043700794,3.81378462064533
7931.17789887168,6230.33125578097,0.678051765096587,0.923905686984779,1.47714622127632,0.906649676500087,1.73701433993873
11231.1756168391,2464.7567364282,1.4830530219601,1.91683202994196,3.52696912738392,1.74567217103554,2.05300718843787
11290.6756168391,2426.2567364282,0.113509511723625,0.657946529593617,1.99468643474658,1.54348685555048,0.842639607999576
4123.80110598467,1802.62296290383,1.62416925695843,0.99951467026049,1.45400615305604,1.03693789047911,1.84647495305833
9115.29772499554,1180.46927060204,1.99152495077759,1.2734270254322,2.57523973859194,2.15505762500986,1.59567436383126
3177.71347816906,2193.92391395049,2.05997764558249,1.41057473566756,2.11195715918313,0.961167548236261,2.77802827907334
4340.25173901425,7294.00482769065,1.45362225417714,1.1918650742931,1.5758860371108,0.781328220043634,1.42380967469869
8984.50799621021,6269.0005737916,0.551302838428507,0.771367132779835,1.64464236355429,0.616493396057764,0.97283876328549
